YEAR,AT,AP,AH,AFDP,GTEP,TIT,TAT,TEY,CDP,NOX
2011,17.1122613952233,1014.16788287681,79.1749889353663,4.09075450006747,25.6637213601403,1084.73390905411,544.503169612738,135.745675347458,12.2075778302523,67.5753919848873
2012,18.3979499383849,1012.25815285789,79.0748041426323,4.30671747509176,25.1813605138962,1082.89023335082,546.263792606188,132.675551914001,12.0001210802307,68.788965128474
2013,17.6026197203579,1011.99960710291,80.4616240212528,3.69595750838926,25.105096756152,1081.56946308725,545.780885067113,132.168341722595,11.9715863115212,70.007898909396
2014,18.2170705923443,1012.38426096675,82.1439258172676,3.91449945515506,25.7419934339201,1078.8368538698,547.638253702151,132.907978485611,12.0238574043028,60.0668858619725
2015,17.22525929117,1014.50911023835,68.6474641115929,3.59890906013,26.1301486998917,1078.97468851571,546.642483748646,133.99338028169,12.0970247426869,59.8905094799565
