VALUE,AT,AP,AH,AFDP,GTEP,TIT,TAT,TEY,CDP,NOX
0,17.6026197203579,1011.99960710291,80.4616240212528,3.69595750838926,25.105096756152,1081.56946308725,545.780885067113,132.168341722595,11.9715863115212,70.007898909396
0,17.2045,1011.8,84.002,3.62785,24.8525,1087.3,549.9,133.57,11.956,68.651
0,4.335222,996.7204,42.96436,2.46023,18.83104,1039.9,525.1608,106.204,10.25404,48.08596
0,31.17792,1026.8,100.13,6.166318,33.90352,1100.1,550.39,165.4992,14.24698,111.0482
0,6.86240983104799,6.28962507725308,14.1244028807088,0.805772883670254,4.35040685247086,17.3839311246,7.3584202831079,16.3470131377352,1.13207946624593,12.047406597217
0,33.58315,40.3200000000001,72.686,4.6484,18.846,78.4,32.2099999999999,71.48,4.9916,76.712
