VALUE,AT,AP,AH,AFDP,GTEP,TIT,TAT,TEY,CDP,NOX
0,18.3979499383849,1012.25815285789,79.0748041426323,4.30671747509176,25.1813605138962,1082.89023335082,546.263792606188,132.675551914001,12.0001210802307,68.788965128474
0,19.1205,1012,82.4115,4.29805,25.221,1089.1,549.92,133.76,12.041,67.2465
0,2.973146,995.5794,42.96312,2.319614,18.7277,1036.978,523.9156,104.527,10.22856,49.12862
0,32.84286,1027.822,100.12,6.226376,34.30622,1100.3,550.41,167.4222,14.34366,104.6722
0,7.66053578601452,6.38387261248854,14.1041624927573,0.831115622781913,4.00656199479907,16.8510428706693,7.33086429155059,15.3011368149954,1.04931543954441,10.2242666746028
0,34.4067,45.9499999999999,69.856,5.5232,19.302,76.2,37.47,73.46,5.1524,78.113
