VALUE,AT,AP,AH,AFDP,GTEP,TIT,TAT,TEY,CDP,NOX
0,17.7127262536684,1013.07016497428,77.8670154901591,3.92551771431684,25.563801377508,1081.42808373938,546.158517137178,133.506403506384,12.0605251463262,65.2930672692128
0,17.801,1012.6,80.47,3.9377,25.104,1085.9,549.88,133.73,11.965,63.849
0,2.714384,998.0183,40.70256,2.461445,18.52483,1035,525.18,104.0183,10.183,45.191
0,32.19817,1029.4,100.08,6.009934,34.36517,1100.3,550.42,166.4717,14.291,105.1851
0,7.44734986114015,6.46325797662866,14.4611581011402,0.773925058225543,4.19590034783142,17.5361342328772,6.84226729637552,15.6184217719366,1.08878048015161,11.6781983049395
0,43.3378,50.7499999999999,76.115,5.5232,23.018,100.1,39.57,79.48,5.3072,94.005
