VALUE,AT,AP,AH,AFDP,GTEP,TIT,TAT,TEY,CDP,NOX
0,18.2170705923443,1012.38426096675,82.1439258172676,3.91449945515506,25.7419934339201,1078.8368538698,547.638253702151,132.907978485611,12.0238574043028,60.0668858619725
0,18.284,1012,84.6565,3.85965,25.194,1079.2,549.91,133.42,11.909,59.2785
0,3.778812,999.4616,48.09524,2.320132,18.79632,1032.2,531.0532,104.4432,10.17908,42.60272
0,31.91156,1026.3,100.04,5.475212,34.13092,1100.1,550.44,163.8984,14.12684,94.65108
0,6.99443156543984,5.97297736455157,12.9995157072494,0.710891270096879,3.68461518526999,16.5732330388416,4.61115014286264,13.6019058593875,0.948286022597705,9.97103291099088
0,33.0446,36.5600000000001,74.113,4.5869,18.277,98.0000000000001,39.56,68.6,4.7652,91.287
