VALUE,AT,AP,AH,AFDP,GTEP,TIT,TAT,TEY,CDP,NOX
0,17.1122613952233,1014.16788287681,79.1749889353663,4.09075450006747,25.6637213601403,1084.73390905411,544.503169612738,135.745675347458,12.2075778302523,67.5753919848873
0,16.366,1013.6,82.129,4.0263,24.77,1088,549.86,133.81,12.008,65.542
0,3.851287,1000.6,44.08689,2.920303,18.56161,1038.522,524.2161,104.6522,10.22261,49.24826
0,31.75911,1029,100.0939,5.640358,33.59934,1100.4,550.4,166.46,14.342,105.6539
0,7.42780564598889,6.29257867341602,13.4649896790211,0.661819953251522,4.32554337847171,16.1338834507912,8.28791178461336,16.2080933274859,1.14648337472145,10.6826106142962
0,32.4157,38.4100000000001,65.677,4.5605,18.125,99.8,38.16,69.83,4.9466,91.555
