VALUE,AT,AP,AH,AFDP,GTEP,TIT,TAT,TEY,CDP,NOX
0,17.22525929117,1014.50911023835,68.6474641115929,3.59890906013,26.1301486998917,1078.97468851571,546.642483748646,133.99338028169,12.0970247426869,59.8905094799565
0,17.4565,1014,70.952,3.5385,25.331,1080.3,549.72,131.6,11.933,56.8385
0,0.3430934,998.9036,35.9054,2.547044,18.15,1029.4,528.528,101.6534,10.11068,43.94708
0,32.95946,1033.066,91.09096,4.701266,35.86366,1100.1,550.44,167.29,14.30732,100.1467
0,8.09523511660898,6.894963200172,13.5401994411585,0.610184454828534,4.47343370842266,19.7611107414571,5.48869452959687,16.1781127977984,1.13652357034599,11.1317097729916
0,43.3378,47.1999999999999,72.581,2.8707,23.018,84.4000000000001,34.5500000000001,79.48,5.2882,93.775
