VALUE,AT,AP,AH,AFDP,GTEP,TIT,TAT,TEY,CDP,CO,NOX
Mean,17.1122614,1014.167883,79.17498894,4.0907545,25.66372136,1084.733909,544.5031696,135.7456753,12.20757783,1.572485805,67.57539198
Median,16.366,1013.6,82.129,4.0263,24.77,1088,549.86,133.81,12.008,1.1557,65.542
1 percentile,3.851287,1000.6,44.08689,2.920303,18.56161,1038.522,524.2161,104.6522,10.22261,0.1010867,49.24826
99 percentile,31.75911,1029,100.0939,5.640358,33.59934,1100.4,550.4,166.46,14.342,9.092977,105.6539
Std dev,7.427805646,6.292578673,13.46498968,0.661819953,4.325543378,16.13388345,8.287911785,16.20809333,1.146483375,1.84531751,10.68261061
Range,32.4157,38.41,65.677,4.5605,18.125,99.8,38.16,69.83,4.9466,43.62161249,91.555
