VALUE,AT,AP,AH,AFDP,GTEP,TIT,TAT,TEY,CDP,CO,NOX
Mean,17.60261972,1011.999607,80.46162402,3.695957508,25.10509676,1081.569463,545.7808851,132.1683417,11.97158631,2.723030743,70.00789891
Median,17.2045,1011.8,84.002,3.62785,24.8525,1087.3,549.9,133.57,11.956,1.7827,68.651
1 percentile,4.335222,996.7204,42.96436,2.46023,18.83104,1039.9,525.1608,106.204,10.25404,0.3401902,48.08596
99 percentile,31.17792,1026.8,100.13,6.166318,33.90352,1100.1,550.39,165.4992,14.24698,11.6001,111.0482
Std dev,6.862409831,6.289625077,14.12440288,0.805772884,4.350406852,17.38393112,7.358420283,16.34701314,1.132079466,2.363747954,12.0474066
Range,33.58315,40.32,72.686,4.6484,18.846,78.4,32.21,71.48,4.9916,35.0399666,76.712
