VALUE,AT,AP,AH,AFDP,GTEP,TIT,TAT,TEY,CDP,CO,NOX
Mean,18.21707059,1012.384261,82.14392582,3.914499455,25.74199343,1078.836854,547.6382537,132.9079785,12.0238574,2.081102631,60.06688586
Median,18.284,1012,84.6565,3.85965,25.194,1079.2,549.91,133.42,11.909,1.6553,59.2785
1 percentile,3.778812,999.4616,48.09524,2.320132,18.79632,1032.2,531.0532,104.4432,10.17908,0.1717084,42.60272
99 percentile,31.91156,1026.3,100.04,5.475212,34.13092,1100.1,550.44,163.8984,14.12684,9.531212,94.65108
Std dev,6.994431565,5.972977365,12.99951571,0.71089127,3.684615185,16.57323304,4.611150143,13.60190586,0.948286023,2.006798457,9.971032911
Range,33.0446,36.56,74.113,4.5869,18.277,98,39.56,68.6,4.7652,34.8183602,91.287
