VALUE,AT,AP,AH,AFDP,GTEP,TIT,TAT,TEY,CDP,CO,NOX
Mean,18.39794994,1012.258153,79.07480414,4.306717475,25.18136051,1082.890233,546.2637926,132.6755519,12.00012108,2.361132952,68.78896513
Median,19.1205,1012,82.4115,4.29805,25.221,1089.1,549.92,133.76,12.041,1.6363,67.2465
1 percentile,2.973146,995.5794,42.96312,2.319614,18.7277,1036.978,523.9156,104.527,10.22856,0.2031968,49.12862
99 percentile,32.84286,1027.822,100.12,6.226376,34.30622,1100.3,550.41,167.4222,14.34366,10.0591,104.6722
Std dev,7.660535786,6.383872612,14.10416249,0.831115623,4.006561995,16.85104287,7.330864292,15.30113681,1.04931544,2.473954253,10.22426667
Range,34.4067,45.95,69.856,5.5232,19.302,76.2,37.47,73.46,5.1524,44.095495,78.113
