VALUE,AT,AP,AH,AFDP,GTEP,TIT,TAT,TEY,CDP,CO,NOX
Mean,17.22525929,1014.50911,68.64746411,3.59890906,26.1301487,1078.974689,546.6424837,133.9933803,12.09702474,3.129985539,59.89050948
Median,17.4565,1014,70.952,3.5385,25.331,1080.3,549.72,131.6,11.933,2.5334,56.8385
1 percentile,0.3430934,998.9036,35.9054,2.547044,18.15,1029.4,528.528,101.6534,10.11068,0.7235854,43.94708
99 percentile,32.95946,1033.066,91.09096,4.701266,35.86366,1100.1,550.44,167.29,14.30732,11.9776,100.1467
Std dev,8.095235117,6.8949632,13.54019944,0.610184455,4.473433708,19.76111074,5.48869453,16.1781128,1.13652357,2.234811083,11.13170977
Range,43.3378,47.2,72.581,2.8707,23.018,84.4,34.55,79.48,5.2882,40.8842,93.775
