VALUE,AT,AP,AH,AFDP,GTEP,TIT,TAT,TEY,CDP,CO,NOX
Mean,17.71272625,1013.070165,77.86701549,3.925517714,25.56380138,1081.428084,546.1585171,133.5064035,12.06052515,2.372468249,65.29306727
Median,17.801,1012.6,80.47,3.9377,25.104,1085.9,549.88,133.73,11.965,1.7135,63.849
1 percentile,2.714384,998.0183,40.70256,2.461445,18.52483,1035,525.18,104.0183,10.183,0.1971848,45.191
99 percentile,32.19817,1029.4,100.08,6.009934,34.36517,1100.3,550.42,166.4717,14.291,11.01334,105.1851
Std dev,7.447349861,6.463257977,14.4611581,0.773925058,4.195900348,17.53613423,6.842267296,15.61842177,1.08878048,2.26264084,11.6781983
Range,43.3378,50.75,76.115,5.5232,23.018,100.1,39.57,79.48,5.3072,44.10261249,94.005
